Humboldt,IA
Rocky Mount,NC
Princeton,MN
Cambridge,MN
Stevens Point,WI
West Point,NY
Philadelphia,PA
Philadelphia,NJ
Philadelphia,DE
Philadelphia,MD
Orange City,IA
Rio Hondo,TX
Watertown,NY
Terrell,TX
Odessa,TX
Sandy,OR
Marion,VA
Charles City,IA
Winneconne,WI
Des Moines,IA
Round Lake Beach,IL
McHenry,IL
Grayslake,IL
Fearrington Village,NC
Tybee Island,GA
Camden,AR
Libby,MT
New Richmond,WI
Seguin,TX
Grantville,GA
Eatonton,GA
Guadalupe,CA
Litchfield,IL
Beardstown,IL
Madera,CA
Crooksville,OH
Spring Hill,KS
Nephi,UT
Buckhannon,WV
Jefferson,OH
Westernport,MD
Westernport,WV
Andrews,TX
Tyler,TX
Kasson,MN
Hamilton,MT
Cobleskill,NY
Wellington,KS
St. Francis,MN
Cuba,MO
Cape Girardeau,MO
Cape Girardeau,IL
Rockdale,TX
Cloverdale,CA
Somerset,MI
Etowah,TN
Basehor,KS
Toccoa,GA
McKinney,TX
Mount Pocono,PA
Emerald Lakes,PA
Elkhart,IN
Elkhart,MI
Berlin,NH
Silver Lakes,CA
Colville,WA
Reynoldsville,PA
Crane,TX
Newton,NJ
Oneonta,NY
McConnelsville,OH
Burgettstown,PA
Deltona,FL
Vandenberg AFB,CA
Union Springs,AL
Wichita Falls,TX
Prescott Valley,AZ
Prescott,AZ
Incline Village,NV
Incline Village,CA
Garnett,KS
Columbiana,OH
Williamston,MI
Window Rock,AZ
Window Rock,NM
West Union,OH
San Jose,CA
Hillsboro,OH
Ottawa,KS
Earlimart,CA
Leavenworth,WA
Clarksdale,MS
Cochran,GA
Harrodsburg,KY
Blairsville,PA
Bonita Springs,FL
Zuni Pueblo,NM
Conneaut,OH
McCook,NE
Paris,KY
St. James,NC
Clintonville,WI
Williamsport,PA
Storm Lake,IA
Port Townsend,WA
Urbana,OH
Quitman,GA
Morganfield,KY
Weston,WV
Maiden,NC
Vineyard Haven,MA
Milford,NJ
Milford,PA
Metter,GA
LaGrange,GA
Spruce Pine,NC
Clarksville,AR
South Bend,IN
South Bend,MI
Post,TX
Bald Knob,AR
Rochester,IN
Norfolk,NE
Springtown,TX
Springfield,GA
Seymour (Outagamie County),WI
Catskill,NY
San Marcos,TX
Peoria,IL
Madison,SD
Hartsville,SC
Lorain,OH
Elyria,OH
Newman,CA
Lawton,OK
Little Rock,AR
Alpena,MI
Fort Atkinson,WI
Jewett City,CT
Ludington,MI
Grants,NM
Starke,FL
Grove,OK
Reidsville,GA
St. Maries,ID
Dahlonega,GA
Frederick,MD
Greensboro,GA
Milan,TN
Campbellsville,KY
Cumberland,MD
Cumberland,WV
Cumberland,PA
Hugoton,KS
Waterloo,WI
Warner Robins,GA
Dover,DE
Groesbeck,TX
Winchester,TN
Fort Meade,FL
Springfield,VT
Murfreesboro,NC
Mesquite,NV
Mesquite,AZ
La Grange,TX
Las Vegas,NV
Henderson,NV
McFarland,CA
Franklin (Venango County),PA
Columbus AFB,MS
Hutchinson,KS
Three Rivers,MI
Laredo,TX
Aurora,NE
Dallas,TX
Fort Worth,TX
Arlington,TX
Charleston,SC
North Charleston,SC
Vandalia,IL
Delta,UT
Shenandoah,PA
Mahanoy City,PA
Frackville,PA
American Falls,ID
Walden,NY
Platteville,WI
Hanover,PA
Galt,CA
Monticello,MN
Big Lake,MN
Forsyth,GA
Panama City,FL
Allentown,PA
Allentown,NJ
Magnolia,TX
O'Neill,NE
Cleveland,TX
Roseburg,OR
Perry,FL
Boonville,IN
Rockville,IN
Elkton,VA
Port Huron,MI
Kerman,CA
Discovery Bay,CA
Windsor,MO
Williamstown,PA
South Boston,VA
Kalkaska,MI
Smithville,TX
San Francisco,CA
Oakland,CA
Alexandria,MN
Port St. Joe,FL
Waikoloa Village,HI
Walworth,NY
Dunkirk,IN
Evergreen,CO
Richmond,MO
Adel,IA
Blanding,UT
Brazoria,TX
Eatonville,WA
Mansfield,LA
Lonsdale,MN
Shallowater,TX
Willimantic,CT
Frankfort,IN
Wauchula,FL
Mifflinburg,PA
Wolf Point,MT
Augusta-Richmond County,GA
Augusta-Richmond County,SC
Darien,GA
Rosamond,CA
Wheatland,WY
Ellensburg,WA
Johnson Lane,NV
Sunset,LA
Eureka,MO
Hot Springs,SD
Cruz Bay,VI
Statesboro,GA
Sauk Centre,MN
Woodbury,TN
Nowata,OK
Giddings,TX
Ashburn,GA
Carmel Valley Village,CA
Jackson,MS
Pine Bluff,AR
Kotzebue,AK
Presque Isle,ME
Rochelle,IL
Auburn,NY
Tahlequah,OK
Clifton Forge,VA
Lakeland,FL
Hillsboro,IL
Philipsburg,PA
Goldendale,WA
Oak Harbor,WA
St. Simons,GA
Louisiana,MO
Lockport,NY
Atlantic City,NJ
Adrian,MI
Canton,TX
Shelton,WA
Hart,MI
Greenfield,MA
Dwight,IL
Indianapolis,IN
Ely,MN
Lake Conroe Northshore,TX
Wahoo,NE
Litchfield,CT
Eau Claire,WI
Binghamton,NY
Binghamton,PA
Milbank,SD
Dos Palos,CA
Mount Morris,IL
Saratoga Springs,NY
Carrollton,OH
Phillipsburg,KS
Greenwich,NY
Horse Cave,KY
Bristow,OK
Pleasant Hill,MO
Lexington-Fayette,KY
Wilburton,OK
Beaver Dam,WI
Santa Rosa,CA
Titusville,PA
Kihei,HI
Taylor,TX
Colorado Springs,CO
Pearisburg,VA
Conway,AR
Sitka,AK
Oak Harbor,OH
Mecca,CA
Norwich,NY
Jonesboro,LA
Lafayette,TN
Cynthiana,KY
Rhinelander,WI
Lula,GA
Marshall,TX
Corvallis,OR
Fortuna,CA
Belle Fourche,SD
New Castle,PA
Concordia,KS
Nashville-Davidson,TN
Canadian,TX
Pearsall,TX
Buckner,MO
Ajo,AZ
Tea,SD
Elizabethtown,NC
Medford,OR
Lake Montezuma,AZ
Gilman,IL
Jackson,AL
Camp Verde,AZ
Villas,NJ
Belgrade,MT
New Baden,IL
Temple,TX
Quincy,FL
Newcastle,WY
David City,NE
Wynne,AR
Chelan,WA
Augusta,ME
Montesano,WA
Elma,WA
Gunnison,CO
Cache,OK
Ticonderoga,NY
Dahlgren,VA
Dahlgren,MD
Emporia,VA
Ligonier,PA
Mabton,WA
Mullins,SC
Selmer,TN
Jefferson,NC
St. Helena,CA
Lancaster,CA
Palmdale,CA
Helena,MT
Abilene,TX
Sheridan,WY
Fillmore,CA
Breaux Bridge,LA
Lake Monticello,VA
Sebastian,FL
Vero Beach South,FL
Florida Ridge,FL
Boone,IA
Orosi,CA
West Point,NE
Cincinnati,OH
Cincinnati,KY
Cincinnati,IN
Cold Spring,NY
Durango,CO
Mauldin,SC
Simpsonville,SC
Port Isabel,TX
Laguna Heights,TX
Newaygo,MI
Salem,IL
Folkston,GA
Clearlake Riviera,CA
Kalaheo,HI
Dimmitt,TX
Polk City,IA
Chambersburg,PA
Country Lakes,MD
Brevard,NC
Zanesville,OH
Clare,MI
Glennville,GA
Indianola,IA
Kingsland,TX
Mathis,TX
Elberton,GA
Brookville,PA
Lodi,WI
Cottonwood,CA
Lowell,IN
Kenedy,TX
Nogales,AZ
St. Peter,MN
Johnson Creek,WI
Brunswick,MD
Brunswick,VA
Petersburg,IL
Indianola,WA
Lake Delton,WI
Livermore,CA
Lake Charles,LA
Payson,AZ
Rusk,TX
Washington,IN
Fredericksburg,VA
Huntsville,TX
Grafton,WV
Lisbon,OH
Weston Lakes,TX
East Troy,WI
Port Hadlock-Irondale,WA
Weirton,WV
Weirton,OH
Weirton,PA
Coleman,TX
Miami,FL
Alton,IL
Alton,MO
Kaufman,TX
Grants Pass,OR
Walterboro,SC
Longmont,CO
Morrison,IL
Claremont,NH
Gouverneur,NY
Paris,TX
Wabash,IN
Chattanooga,TN
Chattanooga,GA
Cresco,IA
Jamestown,ND
Johnstown,PA
Union City,TN
Lebanon,PA
Salem,NJ
Litchfield,MN
Crozet,VA
Anamosa,IA
Ilion,NY
Herkimer,NY
Guerneville,CA
Monroe,MI
Fort Leonard Wood,MO
Bishopville,SC
Arkadelphia,AR
Crowley,LA
Lake Mills,WI
Lexington Park,MD
California,MD
Chesapeake Ranch Estates,MD
Vineland,NJ
Thayer,MO
Thayer,AR
Mountain Home,ID
Plainview,MN
Huron,CA
Mendota,IL
Fredericktown,MO
Bardstown,KY
Laurinburg,NC
Price,UT
New Concord,OH
Huxley,IA
Pawhuska,OK
Emporia,KS
Charlevoix,MI
Davenport,IA
Davenport,IL
Greenville,SC
Harvard,IL
Lake Isabella,CA
Hillsboro,TX
Minot,ND
Midland,MI
Casa Grande,AZ
Shelbyville,TN
Columbia,MS
Dixon,IL
Bennington,VT
Berryville,AR
Ada,OH
Hilo,HI
Napoleon,OH
Las Cruces,NM
New Richmond,OH
Honokaa,HI
Wrightstown,WI
Marshall,MO
Sunbury,PA
Elizabeth City,NC
Trenton,MO
Aspen,CO
Hattiesburg,MS
Jackson,GA
Bonners Ferry,ID
Tornillo,TX
London,OH
East Aurora,NY
Spencer,IA
Buffalo,NY
Lyndonville,VT
Mahomet,IL
Booneville,MS
Treasure Lake,PA
Yellow Springs,OH
Tama,IA
Everett,PA
La Junta,CO
Horseshoe Bay,TX
Tuscola,IL
Malvern,OH
Brownsville,TN
Hammonton,NJ
Weiser,ID
Weiser,OR
Belzoni,MS
Le Roy,NY
Mount Vernon,IN
Waldorf,MD
Sarasota,FL
Bradenton,FL
New Lexington,OH
Coopersville,MI
Buffalo,MN
Farmville,NC
Holloman AFB,NM
Rexburg,ID
Chetek,WI
Carthage,IL
South Haven,MI
Barrow,AK
Christopher,IL
Paxton,IL
Whitefish,MT
Cokato,MN
Weyers Cave,VA
Lincoln,IL
Frederick,OK
Smithville,TN
Cold Spring,MN
Fort Dodge,IA
Akron,NY
Klamath Falls,OR
Altamont,OR
Mankato,MN
Lynchburg,VA
Genoa,OH
Elverson,PA
Tipton,IA
Lee's Summit,MO
Orange,VA
Vicksburg,MS
Vicksburg,LA
Cannon Falls,MN
Adjuntas,PR
Laurens,SC
Harrison,OH
Harrison,IN
Ketchikan,AK
Grangeville,ID
Smithfield,VA
Ridgefield,WA
Kewaunee,WI
Kearney,MO
Greensburg,IN
Williams,AZ
Sahuarita,AZ
Green Valley,AZ
Shepherdstown,WV
Shepherdstown,MD
Clearwood,WA
Soda Springs,ID
Liberty,NY
Willits,CA
Portales,NM
Franklin,KY
Somerton,AZ
Paloma Creek South,TX
Paloma Creek,TX
Dayton,OH
Pulaski,WI
Torrington,CT
Muncy,PA
Mineral Wells,TX
Monticello,IL
Cornelia,GA
Baldwin,GA
Broadway,VA
Tracy,CA
Portland,MI
Lansing,MI
Marathon,FL
Ashland,WI
Springs,NY
Macon,MS
Galliano,LA
Larose,LA
Cut Off,LA
Booneville,AR
Dexter,MO
Pocomoke City,MD
Ocean View,DE
Logan,OH
Russellville,AL
Bethel,OH
Warsaw,MO
Lena,IL
New Bern,NC
Charleston,IL
Baxter Springs,KS
Modesto,CA
Kamas,UT
Parlier,CA
Chandler,OK
Lake City,FL
New Boston,TX
Bend,OR
Bennettsville,SC
Mansfield,OH
Hartshorne,OK
Wonder Lake,IL
Dayton,WA
Browning,MT
Boulder,CO
Staunton,VA
Waynesboro,VA
Clifton,AZ
Eureka,IL
Willmar,MN
Huntingdon,PA
Trenton,GA
England,AR
Virginia,MN
Upland,IN
Avenal,CA
Lytle,TX
Oberlin,OH
Sequim,WA
Onawa,IA
St. Martinville,LA
Princeville,HI
Lindsay,OK
St. Clair,MO
Vacaville,CA
Yelm,WA
Church Point,LA
Huntsville,AL
Swainsboro,GA
Newton,KS
Paradise,CA
Morristown,TN
Richmond,IN
Richmond,OH
Brenham,TX
Corinth,MS
Pine Grove,PA
Bakersfield,CA
Page,AZ
Hugo,OK
Wooster,OH
Great Barrington,MA
Susanville,CA
Mackinaw,IL
Phelan,CA
Florence,CO
Nappanee,IN
Washington,IA
Bloomington,IL
Normal,IL
Quartzsite,AZ
Muldrow,OK
Roland,OK
Burlington,NC
Little Falls,NY
Lincolnton,NC
Crystal Springs,MS
Checotah,OK
Kahului,HI
Huron,SD
Gray,GA
Tiffin,OH
Davis,OK
Lake Panasoffkee,FL
Broken Bow,OK
Saginaw,MI
Durham,NC
LaGrange,OH
Higginsville,MO
Four Corners,MT
Shawnee,OK
Newberg,OR
Scottsboro,AL
Jefferson City,MO
Lexington,VA
Summersville,WV
Wilmington,OH
London,KY
Corbin,KY
Baltimore,OH
Fairfield Glade,TN
Ontario,OR
Ontario,ID
Pittsburgh,PA
Kingman,KS
Monticello,KY
Imlay City,MI
Santa Rosa,NM
Crestview,FL
Uniontown,PA
Connellsville,PA
Rifle,CO
Red Oak,IA
Sheridan,IN
Elkin,NC
Elkhorn,WI
Hopkinsville,KY
Nelson,GA
Madisonville,TX
Lake Land'Or,VA
Maquoketa,IA
Santa Cruz,CA
Roxborough Park,CO
Othello,WA
Bishop,CA
Oregon,IL
Anacortes,WA
New Castle,IN
Santa Fe,NM
Blissfield,MI
Winnsboro,SC
Fort Defiance,AZ
Fort Defiance,NM
Stanwood,WA
Curwensville,PA
Andalusia,AL
Fairview,TN
Greenville,AL
Easton,MD
Warsaw,NY
Santa Isabel,PR
El Campo,TX
Atoka,TN
Lakeland,GA
Thermopolis,WY
Lancaster,KY
Natchez,MS
Natchez,LA
Fulton,KY
Fulton,TN
Chanute,KS
Tehachapi,CA
Golden Hills,CA
Springfield,OH
Ishpeming,MI
Prairie View,TX
Woodville,FL
Los Angeles,CA
Long Beach,CA
Anaheim,CA
Colorado City,TX
Upper Greenwood Lake,NJ
Anna,IL
Norwich,CT
New London,RI
Princeton,KY
Grangerland,TX
Piqua,OH
Jacksboro,TX
Sierra Vista,AZ
Sealy,TX
Farmington,NH
Prescott,WI
Saluda,SC
Mount Holly Springs,PA
Osage Beach,MO
Waverly,IA
Eagle,CO
Lake View,AL
Carthage,TN
Williamson,WV
Williamson,KY
Idaho Falls,ID
Prince Frederick,MD
Pecan Plantation,TX
Darbydale,OH
Truckee,CA
Peru,IN
Brookings,OR
Selma,CA
Hailey,ID
Hillsboro,KS
Kendallville,IN
Denton,TX
Lewisville,TX
Boston,MA
Boston,NH
Boston,RI
Killeen,TX
Winamac,IN
Long Prairie,MN
Jamestown,OH
Brownsville,TX
Ottumwa,IA
Falfurrias,TX
Cactus,TX
Mannford,OK
Fallon,NV
Odem,TX
Santaquin,UT
Butler,IN
Shady Cove,OR
Connersville,IN
Alliance,OH
Fort Collins,CO
Brockway,PA
Mount Union,PA
Landrum,SC
Landrum,NC
Aberdeen,MS
Amery,WI
Sheridan,OR
Lebanon,IN
Danville,VA
Danville,NC
Connell,WA
New Philadelphia,OH
Dover,OH
Eaton Rapids,MI
Montrose,MN
Adams,NY
Oakhurst,CA
Trumann,AR
El Dorado,KS
Portsmouth,NH
Portsmouth,ME
Grand Island,NE
Frazier Park,CA
Georgetown,SC
Big Pine Key,FL
Olney,TX
Purcellville,VA
Metamora,IL
Oneida,NY
Nashville,GA
South Hill,VA
Princeton,IL
Abbeville,SC
Bremen,IN
Greenville,MS
Fayetteville,TN
Stanley,WI
Wellsville,NY
Jersey Shore,PA
Sylvania,GA
Riverton,WY
St. Johns,AZ
Texarkana,TX
Texarkana,AR
Siloam Springs,AR
Siloam Springs,OK
Granger,WA
Canyon Lake,TX
Jefferson,IA
Bloomsburg,PA
Berwick,PA
Sleepy Eye,MN
Mount Sterling,IL
La Grande,OR
Rushville,IL
Farmerville,LA
Lumberton,NC
Agat,GU
Haleyville,AL
Eldorado at Santa Fe,NM
Wayland,MI
Billings,MT
Tularosa,NM
Osage,IA
Smithfield,NC
Mora,MN
Riverside,CA
San Bernardino,CA
Belterra,TX
Alliance,NE
Elmira,NY
Gulfport,MS
Corsicana,TX
Newcomerstown,OH
Bellefonte,PA
Traverse City,MI
Marshfield,MO
Toledo,OR
Massena,NY
Santa Paula,CA
Wayne,NE
Pell City,AL
Beloit,KS
Baltimore,MD
Iola,KS
Strawberry Plains,TN
Trenton,FL
Bremen,GA
Americus,GA
Vermillion,SD
Hoosick Falls,NY
Onalaska,TX
Elwood,IN
Rayville,LA
Tomahawk,WI
Lapeer,MI
Columbus,WI
Northern Cambria,PA
Rockford,IL
Kailua (Hawaii County),HI
Holualoa,HI
Dublin,TX
Crystal City,TX
Lead,SD
Rock Valley,IA
LaBelle,FL
Port LaBelle,FL
Bullhead City,AZ
Bullhead City,NV
Archer Lodge,NC
Clayton,NC
Cedar City,UT
Rayne,LA
Westfield,NY
Bogalusa,LA
Summit Park,UT
Socorro,NM
Corning,AR
Meadville,PA
Pontiac,IL
Springfield,TN
Fostoria,OH
Georgetown,OH
Presidential Lakes Estates,NJ
Ozark,AL
St. Ignace,MI
Mayodan,NC
Sullivan,IL
Farmington,ME
Lancaster,OH
Concord,CA
Titusville,FL
Abingdon,IL
Portageville,MO
Whispering Pines,NC
Decatur,TX
Stafford Springs,CT
Anaconda-Deer Lodge County,MT
Moore Haven,FL
Jackson,OH
Wellston,OH
Brownwood,TX
Tallahassee,FL
Woodward,OK
Austin,MN
Ridgway,PA
Hagerstown,MD
Hagerstown,WV
Hagerstown,PA
Gridley,CA
Louisburg,KS
Globe,AZ
Mayfield,KY
Berryville,VA
Sullivan,IN
Eudora,KS
York,NE
Cedaredge,CO
Pagosa Springs,CO
Bisbee,AZ
Salida,CO
Boardman,OR
Iowa Park,TX
Liberal,KS
Charlotte,MI
Lampasas,TX
DeKalb,IL
Whiteriver,AZ
Planada,CA
Pinckneyville,IL
Morgantown,WV
Claxton,GA
Franklin,NJ
Highland Lake,NJ
Hartford,CT
Ames,IA
Big Lake,TX
Lewiston,ME
Shorewood Forest,IN
Diamondhead,MS
Reading,PA
Iowa,LA
Selma,AL
Burgaw,NC
Manila,AR
Waynesboro,GA
Steamboat Springs,CO
Reedley,CA
Dinuba,CA
Waynesboro,MS
Ravenswood,WV
Abernathy,TX
Birch Bay,WA
Evarts,KY
Charles Town,WV
Ranson,WV
Lexington,MO
Tucumcari,NM
Lovington,NM
Harrisonburg,VA
Leitchfield,KY
Seminole,OK
Amite City,LA
La Pine Northwest,OR
Solvang,CA
Buellton,CA
Santa Ynez,CA
Bonadelle Ranchos-Madera Ranchos,CA
Kane,PA
North Shore,CA
Nanty-Glo,PA
Hampstead,NC
Warsaw,IN
Waterbury,CT
Schuyler,NE
Narrows,VA
Narrows,WV
Harrisburg,OR
Hurricane,UT
Caldwell,TX
Newport,TN
Cushing,OK
Blakely,GA
Moapa Valley,NV
Wadena,MN
Everson,WA
Green Forest,AR
Marlin,TX
Twin Rivers,NJ
Hightstown,NJ
Lafayette,IN
Millinocket,ME
Slidell,LA
Columbia Falls,MT
North Webster,IN
Waterloo,IL
Warsaw,NC
Munising,MI
Louisa,KY
Louisa,WV
Navasota,TX
Rush City,MN
Franklinton,LA
Bath,NY
Gatesville,TX
McMinnville,OR
Dilley,TX
Okeechobee,FL
Taylor Creek,FL
Gloversville,NY
Ashdown,AR
Dorr,MI
Peshtigo,WI
Marion,KY
Phoenix,AZ
Mesa,AZ
Boiling Springs,NC
Coshocton,OH
Colchester,CT
Tri-City,OR
Myrtle Creek,OR
Haleiwa,HI
Waialua,HI
Pupukea,HI
New London,MN
Hidden Valley Lake,CA
Maryville,MO
Lawrenceburg,TN
Pierre,SD
Austin,TX
Norwalk,OH
Chipley,FL
Provincetown,MA
Williamsburg,KY
Gonzales,CA
Skaneateles,NY
Salem,OR
Van Wert,OH
Louisville,MS
Bellows Falls,VT
Bellows Falls,NH
Harrisonville,MO
Greenville,PA
Enid,OK
Bad Axe,MI
Ennis,TX
Florence,SC
Davis,CA
Holdenville,OK
Kellogg,ID
Cedar Rapids,IA
Sioux Center,IA
Teague,TX
Memphis,TN
Memphis,MS
Memphis,AR
Columbia,SC
Albany,GA
Covington,TN
Bastrop,LA
Ellsworth,WI
Stilwell,OK
Bolivar,TN
Fort Valley,GA
Monroe,LA
Lake Lakengren,OH
Houlton,ME
Kingstree,SC
Butler,MO
West Liberty,IA
Spirit Lake,IA
Monticello,NY
Dickson,TN
Levelland,TX
Lake of the Pines,CA
Oostburg,WI
Woodstown,NJ
Webster City,IA
McPherson,KS
Sun City Hilton Head,SC
Nyssa,OR
Mountain House,CA
Century,FL
Century,AL
Falls City,NE
Rockingham,NC
Hamlet,NC
Petoskey,MI
Stigler,OK
Galena,KS
Galena,MO
Wilson,NC
Blackfoot,ID
New Lebanon,OH
Montgomery,WV
Jayuya,PR
Fremont,OH
Lillington,NC
Cle Elum,WA
Miles City,MT
Livingston,MT
Brockport,NY
Iowa City,IA
Venus,TX
Rincon,GA
Okemah,OK
Deerwood,TX
Palatka,FL
Concord,NH
Reno,NV
Reno,CA
Batesburg-Leesville,SC
Malone,NY
Wallace,NC
Elizabethtown,KY
Radcliff,KY
Shelley,ID
Salmon,ID
Pageland,SC
Lander,WY
Great Bend,KS
Winnemucca,NV
Gladwin,MI
St. Charles,MN
Plattsmouth,NE
Hodgenville,KY
Minden,NE
Springville,AL
Barstow,CA
Rancho Murieta,CA
Columbia City,IN
Raton,NM
Bayard,NM
Middletown,NY
Sidney,OH
Joplin,MO
Watchtower,NY
Glasgow,MT
McKenzie,TN
Lawrence,KS
Harrisburg,SD
Tuscaloosa,AL
Flemingsburg,KY
Hornell,NY
Kenosha,WI
Kenosha,IL
San Carlos,AZ
Lago Vista,TX
Hardyston Township West,NJ
Marietta,OH
Marietta,WV
Barnwell,SC
Granville,NY
Granville,VT
Platte City,MO
Brookhaven,MS
Conroe,TX
The Woodlands,TX
Ulysses,KS
Wright City,MO
Lake Havasu City,AZ
Village of Oak Creek (Big Park),AZ
Evansville,WI
Hempstead,TX
Estherville,IA
Seneca,SC
Fredericksburg,TX
Dandridge,TN
Camden,TN
Alexandria,LA
Colfax,CA
Stamford,TX
Beatrice,NE
Minden,LA
Charleston,WV
Clayton,GA
Hamilton,AL
Molalla,OR
Marquette,MI
Paola,KS
Sioux Falls,SD
Goodland,KS
Mason City,IA
Hampshire,IL
Blacksburg,VA
Vail,CO
York,SC
Junction City,OR
Summerville,GA
Bozeman,MT
Sullivan City,TX
Auburn,IL
Avondale,AZ
Goodyear,AZ
Hondo,TX
Jackson,TN
Coos Bay,OR
Cape Coral,FL
Santa Clarita,CA
Denver,CO
Aurora,CO
Independence,KS
Osceola,WI
Steeleville,IL
Fayetteville,NC
Oakdale,LA
Childress,TX
Fargo,ND
Fargo,MN
Casper,WY
Youngstown,OH
Youngstown,PA
Hazlehurst,MS
Brandon,SD
Morris,IL
Middletown,OH
White Pine,TN
Fremont,MI
Perryville,MO
Apple Valley,OH
Bushnell,IL
Glencoe,MN
Hope,AR
Green River,WY
Brawley,CA
Stuttgart,AR
Aledo,IL
Burlington,CO
San Manuel,AZ
Rutland,VT
Oconto,WI
New Wilmington,PA
Lima,OH
De Witt,IA
York,PA
Craig,CO
Itta Bena,MS
Vistancia,AZ
Baker City,OR
Junction City,KS
Wenatchee,WA
Grand Bay,AL
Orrville,OH
Bucyrus,OH
Algoma,WI
Commerce,GA
Mount Airy,NC
Mount Airy,VA
Leavenworth,KS
Honeoye Falls,NY
Tarboro,NC
Savannah,TN
Canton,MS
Providence,RI
Providence,MA
Auburn,IN
Hartwell,GA
Fraser,CO
Mansfield,PA
Moses Lake,WA
Cashmere,WA
Red Springs,NC
New Albany,MS
San Joaquin,CA
Benson,NC
Gainesville,FL
Sevierville,TN
Sulphur Springs,TX
Washington,DC
Washington,VA
Washington,MD
Baraboo,WI
Basalt,CO
El Jebel,CO
Garner,IA
St. James,MN
Malakoff,TX
Glenwood Springs,CO
Altavista,VA
Pascagoula,MS
Homerville,GA
Burlington,KS
Rogersville,TN
Front Royal,VA
Coolidge,AZ
Columbus,OH
Oneida,TN
Paoli,IN
Macclenny,FL
Nine Mile Falls,WA
Brooklyn,MI
Louisburg,NC
New York,NY
New York,NJ
New York,CT
Plymouth,NH
Mescalero Park,TX
Cresson,PA
Monmouth,IL
Albany,OR
Perry,MI
Virden,IL
Dayton,NV
Kankakee,IL
Nevada,MO
Dodge City,KS
Alturas,CA
Redwood Falls,MN
Montevideo,MN
Bedford,PA
Upper Sandusky,OH
Palacios,TX
Towanda,PA
Dell Rapids,SD
Athens,TX
Milton,VT
Juana Díaz,PR
Holland,MI
Interlachen,FL
Kirksville,MO
McMinnville,TN
Maricopa,AZ
Carthage,MO
Henrietta,TX
Baton Rouge,LA
Red Bluff,CA
Devine,TX
Middlefield,OH
DeRidder,LA
Eureka,CA
Mandeville,LA
Covington,LA
Redmond,OR
Carrollton,MO
Asheboro,NC
Mount Pleasant,IA
Eaton,CO
Mount Vernon,WA
Eagar,AZ
Peterborough,NH
Cartersville,GA
Arcola,IL
Arlington,TN
Fairmont,WV
Magee,MS
La Grange,NC
Auburn,CA
North Auburn,CA
Morris,MN
Pocono Woodland Lakes,PA
Fabens,TX
Indiana,PA
Warren,AR
Port Arthur,TX
Ruidoso,NM
Pilot Point,TX
Charleston,MS
Lebanon,NH
Hanover,VT
Grand Forks,ND
Grand Forks,MN
Clovis,NM
Logansport,IN
Estacada,OR
Humboldt,TN
Duncan,OK
Eagle Grove,IA
Granite Falls,MN
Versailles,OH
Holdrege,NE
Athens,OH
Lebanon,TN
Powell,WY
Arbuckle,CA
Lexington,NE
Clearfield,PA
Lochbuie,CO
Geneseo,NY
Chickasha,OK
Lady Lake,FL
The Villages,FL
Harriman,TN
Kingston,TN
Rockwood,TN
South Paris,ME
Owego,NY
Keene,NH
Duluth,MN
Duluth,WI
Kailua (Honolulu County),HI
Kaneohe,HI
Wellington,CO
Conesus Lake,NY
Delhi,NY
Hardeeville,SC
Moose Lake,MN
Parsons,KS
Vidalia,GA
Esparto,CA
Dodge Center,MN
Manchester,GA
Knoxville,IA
Emmett,ID
Newport,OR
Gustine,CA
Winder,GA
Manitowoc,WI
Hebron,IN
Virginia Beach,VA
Jasper,GA
Long Beach,MD
Charleston,MO
Jackson,MI
Severance,CO
Harlem,GA
Alvarado,TX
Chaffee,MO
Cody,WY
Savannah,MO
North Adams,MA
North Adams,VT
Hinesville,GA
Sunnyside,WA
Fairfield,IL
Batesville,AR
Circleville,OH
Ashland,OH
Burlington,IA
Burlington,IL
Atlanta,GA
Marion,SC
Sparta,IL
Ironwood,MI
Ironwood,WI
Calhoun,GA
Eloy,AZ
Sandusky,OH
Princeton,IN
Ripley,MS
Lewisburg,WV
Chinle,AZ
Mascoutah,IL
Seville,OH
Cuthbert,GA
Ponca City,OK
Spring Creek North,NV
Glouster,OH
Amory,MS
Heber,UT
De Motte,IN
Veneta,OR
Opelousas,LA
Oxford,MS
Taylorville,IL
Jefferson Township North,NJ
Jacksonville,IL
Greenfield,OH
Karnes City,TX
Columbiana,AL
Grissom AFB,IN
Lynden,WA
Medical Lake,WA
Fajardo,PR
Frankenmuth,MI
Laurel Lake,NJ
Madison,IN
Madison,KY
Keystone Heights,FL
Alma,GA
Havana,FL
Arcadia,FL
Southeast Arcadia,FL
Clyde,OH
Lawrenceburg,KY
Lakes,AK
Knik-Fairview,AK
Wasilla,AK
Northfield,MN
Minneapolis,MN
St. Paul,WI
Aumsville,OR
Belle Plaine,MN
Winnsboro,LA
Honea Path,SC
Staunton,IL
Viroqua,WI
Benson,AZ
Willard,MO
Reedsburg,WI
Moscow,PA
Newport,PA
Lewistown,PA
Amsterdam,NY
Crookston,MN
Havelock,NC
Jasper,TX
West Bend,WI
San Antonio,TX
El Centro,CA
Calexico,CA
Bicknell,IN
Crawfordville,FL
Atmore,AL
Salamanca,NY
Watertown,SD
Grand Rapids,MI
St. Marys,OH
Lebanon,OR
Colfax,WA
Martinsville,IN
Bloomer,WI
Rathdrum,ID
Silver Creek,NY
Lyons,KS
Middleville,MI
Seaside,CA
Monterey,CA
Burnt Store Marina,FL
Cuero,TX
Port St. Lucie,FL
Moulton,AL
Bedford,IN
San Saba,TX
Cherokee Village,AR
Pottsville,PA
Oxnard,CA
Rawlins,WY
Center,TX
Mount Shasta,CA
Weed,CA
Galena,IL
Cairo,GA
Lindsborg,KS
Manning,SC
Hooks,TX
Le Sueur,MN
Ann Arbor,MI
Elgin,TX
Chisholm,MN
Millsboro,DE
Franklin,LA
Grass Valley,CA
Waukon,IA
Pleasanton,TX
Westminster,MD
Eldersburg,MD
Muncie,IN
Chilton,WI
Mountain Grove,MO
Cambridge,MD
Vandalia,MO
Manchester,MD
Ottawa,IL
Newton,MS
Canton,OH
Battle Mountain,NV
Los Banos,CA
Waupun,WI
Kokomo,IN
Halls,TN
Charlestown,NH
Union Grove,WI
Tremonton,UT
Dixon,CA
Nashua,NH
Nashua,MA
Beecher,IL
Williamstown,KY
Carroll,IA
Woodland Park,CO
Dryden,NY
Harrisburg,IL
Union City,IN
Union City,OH
Social Circle,GA
Central City,NE
Slippery Rock,PA
Hannibal,MO
Greenwood,MS
Eunice,NM
Winter Haven,FL
River Falls,WI
Broken Bow,NE
King George,VA
Atlantic,IA
Rumford,ME
Paw Paw Lake,MI
Hartford,MI
Goldsboro,NC
Rio Bravo,TX
El Cenizo,TX
Delhi,LA
Pittsboro,NC
Clear Lake,IA
Charlotte Amalie,VI
Tutu,VI
Sparta,MI
Mount Horeb,WI
Dillon,SC
Monessen,PA
California,PA
Albany,MN
Springfield,IL
Alamogordo,NM
Okmulgee,OK
Hearne,TX
Fairdale,PA
Sidney,NE
Fritch,TX
Palm Bay,FL
Melbourne,FL
Hibbing,MN
Jim Thorpe,PA
Galax,VA
Clinton,IL
Bethel,AK
Rancho Calaveras,CA
Valley Springs,CA
Saltillo,MS
Yankton,SD
Estes Park,CO
Fort Morgan,CO
Linton,IN
Forestville,CA
Kimberling City,MO
Alpine,TX
Watkins Glen,NY
Willard,OH
Alma,MI
St. Louis,MI
Warrenton,MO
Claremore,OK
Byron,MN
Aberdeen,MD
Bel Air South,MD
Bel Air North,MD
Philadelphia,MS
Mexia,TX
Village of Four Seasons,MO
Hilmar-Irwin,CA
Garrettsville,OH
Monett,MO
Forsyth,MO
Antigo,WI
New Haven,CT
Harrington,DE
Carrizo Springs,TX
Woodland,CA
Lagrange,IN
Irrigon,OR
Troy,MO
Metropolis,IL
Girard,KS
Marion Oaks,FL
Martinsville,VA
Brookfield,MO
Tallulah,LA
Fort Payne,AL
Waycross,GA
Sweetwater,TN
Lake Meade,PA
Benson,MN
Dickinson,ND
Michigan City,IN
La Porte,MI
Russellville,AR
Greenwood,SC
Owensville,MO
Macon,GA
Mercer,PA
Quincy,IL
Knoxville,TN
Excelsior Springs,MO
Cañon City,CO
Gowanda,NY
Centralia,MO
Marshall,MI
Hampton,IA
Moorefield,WV
Arab,AL
Jasper,TN
Butler,PA
Chino Valley,AZ
Boonville,MO
Mitchell,IN
Kingsville,TX
Iron Mountain,MI
Kingsford,WI
Troy,AL
Au Sable,MI
Boulder City,NV
Wheeling,WV
Wheeling,OH
Harrisburg,PA
Butner,NC
Raleigh,NC
West Point,VA
Hoisington,KS
Gautier,MS
Gadsden,AL
Roaring Spring,PA
Tallassee,AL
Beaver,UT
Ferriday,LA
Fairmont,NC
Floresville,TX
Honesdale,PA
Rantoul,IL
Cheraw,SC
Twentynine Palms,CA
Livingston,TX
Richlands South,NC
Leadville,CO
Shreveport,LA
Hiawatha,KS
Harlan,IA
Elmwood,IL
Lucasville,OH
McComb,MS
Albert Lea,MN
Kutztown,PA
Battle Creek,MI
Needles,CA
Needles,AZ
Waupaca,WI
Orland,CA
San Diego,TX
St. Johnsbury,VT
Firebaugh,CA
Rockmart,GA
Leonardtown,MD
Ellijay,GA
Lake Norman of Catawba,NC
Clinton,MO
Port Angeles,WA
Evanston,WY
Donalsonville,GA
Vincennes,IN
Ridgecrest,CA
Weatherford,OK
Lakeview,OR
West Plains,MO
Reidsville,NC
Paden City,WV
Tupelo,MS
Dyersville,IA
Bemidji,MN
Montrose,CO
Marysville,WA
Sierra View,PA
Indian Mountain Lake,PA
Chowchilla,CA
Columbus,TX
Taft,CA
Pembroke,NC
North Baltimore,OH
Hillsdale,MI
Kingfisher,OK
Camarillo,CA
Rigby,ID
Montpelier,OH
Irvine,KY
Anderson,SC
Eagle Mountain South,UT
McRae,GA
Presidio,TX
Elko New Market,MN
Cottonwood,AZ
Verde Village,AZ
Sonora,CA
Jamestown,CA
Phoenix Lake,CA
Newport,NH
Jefferson,GA
New Roads,LA
Lewes,DE
Florida,PR
Imbéry,PR
Barceloneta,PR
Greeley,CO
Rock Springs,WY
Gonzales,TX
Cleveland,OK
Wauseon,OH
Winters,CA
Minerva,OH
Hawkinsville,GA
Poinciana,FL
Sayre,PA
Waverly,NY
Spooner,WI
Red Wing,MN
Kingman,AZ
Owatonna,MN
Greenwood,AR
Water Valley,MS
Columbia,MO
Bridgeville,DE
Santa Barbara,CA
Barnesville,GA
Portola,CA
Lamesa,TX
Winchester,VA
Clinton,IN
DuBois,PA
Lamar,CO
Ocean Park,WA
Martin,TN
Burnet,TX
Live Oak (Sutter County),CA
Corcoran,CA
Pikeville,KY
Springfield,MO
Pahrump,NV
Constantine,MI
Soledad,CA
Boscobel,WI
Lake Arthur,LA
Kingwood,WV
Berea,KY
Scott City,KS
Spencer,WV
Blackwell,OK
Orofino,ID
Streator,IL
New Hampton,IA
Headland,AL
Wellington,OH
Wetumpka,AL
Warrensburg,MO
Bellevue,OH
Leesburg,FL
Eustis,FL
Tavares,FL
Laughlin,NV
Pocatello,ID
Talladega,AL
Bowling Green,MO
Red Hook,NY
Fort Walton Beach,FL
Navarre,FL
Wright,FL
Lake of the Woods,VA
Mount Carmel,IL
St. Helens,OR
Oswego,NY
Red Bud,IL
Oshkosh,WI
Bloomfield,NM
Kearney,NE
Clarion,IA
Orange Cove,CA
Altus,OK
Worland,WY
Allegan,MI
Ravena,NY
Bellville,TX
Searcy,AR
Tafuna,AS
East Quincy,CA
Christiansted,VI
Carlyle,IL
Sheldon,IA
St. James,MO
Iron River,MI
Woodcreek,TX
Grand Saline,TX
Tamaqua,PA
Star,ID
Pella,IA
Cherryville,NC
Galveston,TX
Colusa,CA
California City,CA
Augusta,KS
Gilmer,TX
Petersburg,WV
Milan,MI
Malvern,AR
Geneva,NY
Locust,NC
Alachua,FL
Norwood Young America,MN
Pittsfield,MA
East Palestine,OH
Concord,NC
Silver City,NM
Coldwater,OH
Sandersville,GA
Hazard,KY
Danbury,CT
Danbury,NY
Albion,PA
Douglas,AZ
Greenville,TX
Champaign,IL
Marble Falls,TX
Eldon,MO
Wendell,NC
Zebulon,NC
Tuba City,AZ
Meyersdale,PA
Yauco,PR
Bedford,NY
Lebanon,MO
Decatur,IL
Johnstown,OH
Clyde,TX
Angels,CA
Sandpoint,ID
Pukalani,HI
Makawao,HI
Haiku-Pauwela,HI
Mena,AR
Brodhead,WI
Bonifay,FL
North Conway,NH
Lucedale,MS
Corinth,NY
Thief River Falls,MN
Shelby,OH
Douglas,GA
Marshall,MN
Colby,KS
Bandon,OR
Silverthorne,CO
Frisco,CO
Mendota,CA
Lake Butler,FL
Tonkawa,OK
Lake of the Woods,AZ
Pinetop-Lakeside,AZ
Oregon,WI
Crockett,TX
Middletown,DE
Benton,KY
Spearman,TX
Jasper,IN
Lancaster,WI
Portsmouth,OH
Portsmouth,KY
Cotulla,TX
Holly Springs,MS
Gloucester Courthouse,VA
Tomah,WI
Hawaiian Paradise Park,HI
Hicksville,OH
Manistique,MI
Carlisle,IA
Benton,LA
Sulphur,OK
Covington,OH
Paragould,AR
Santa Maria,CA
Dunkirk,NY
Fredonia,NY
Ashland,MO
Sikeston,MO
Bellefontaine,OH
Longview,WA
Longview,OR
Vernon,TX
Forks,WA
San Angelo,TX
Muskogee,OK
Rocky Mount,VA
Eldorado,IL
Smithton,IL
Laramie,WY
Winona,MN
Mifflintown,PA
Vivian,LA
Shafter,CA
Golden Beach,MD
Weedsport,NY
Pecan Acres,TX
Blanchester,OH
Camden,ME
Middleport,OH
Middleport,WV
Columbia,KY
Demopolis,AL
Fort Wayne,IN
Cookeville,TN
Picture Rocks,AZ
San Jose (Tinian Municipality),MP
Columbus,GA
Columbus,AL
Eaton,OH
Poplar-Cotton Center,CA
Sumiton,AL
Logan,UT
Pittsburg,KS
Albuquerque,NM
Boone,NC
Valentine,NE
Cheboygan,MI
Mammoth Lakes,CA
Hollandale,MS
Muleshoe,TX
Hartford City,IN
Dyersburg,TN
Wautoma,WI
Grantsville,UT
Terre Haute,IN
Rochester,MN
Greenbrier,AR
Janesville,WI
Woodstock,AL
Hollister,CA
Lake Village,AR
Prestonsburg,KY
Oxford,OH
Mojave,CA
Pryor Creek,OK
Fremont,NE
Athens-Clarke County,GA
Montauk,NY
Gastonia,NC
Gastonia,SC
Morton,MS
Newberry,SC
Newberry,MI
Vernal,UT
Tampa,FL
St. Petersburg,FL
Portland,ME
Almont,MI
West Columbia,TX
Robstown,TX
Toppenish,WA
Sinton,TX
Sumter,SC
Coamo,PR
South Deerfield,MA
Livonia,LA
Nocona,TX
Perry,IA
Madill,OK
Manteca,CA
Dunlap,TN
Richlands,VA
Ripley,WV
Middletown,IN
Salisbury,MD
Salisbury,DE
Laurel,MT
Hamilton,NY
Dalton,GA
Seward,NE
Guthrie,OK
Hampton,SC
Sallisaw,OK
Cross City,FL
Fort Scott,KS
Ashtabula,OH
Blytheville,AR
Coco,PR
Salinas,PR
Luray,VA
Bolivar,MO
Lewisburg,TN
Natchitoches,LA
Picayune,MS
Eastman,GA
Kilgore,TX
Cheyenne,WY
Milaca,MN
Neodesha,KS
Melrose,MN
Brinkley,AR
Willows,CA
Pampa,TX
Richmond,KY
Dodgeville,WI
Crosby,MN
Half Moon Bay,CA
Comfort,TX
Winnsboro,TX
Beeville,TX
Sterling,IL
Bremerton,WA
Harlingen,TX
Sturgis,MI
Boerne,TX
Angola,IN
St. George,UT
St. Pauls,NC
Weatherford,TX
Mount Vernon,TX
Muscatine,IA
Portland,TN
Portland,KY
Indio,CA
Cathedral City,CA
Cottonport,LA
Murfreesboro,TN
Bloomington,IN
Cassville,MO
Mayagüez,PR
Swanton,VT
Spring Creek South,NV
Creswell,OR
Lewistown,MT
Decorah,IA
Tooele,UT
Larned,KS
Lake Providence,LA
Berlin,WI
Savannah,GA
East Tawas,MI
Gardnerville Ranchos,NV
Eagle Pass,TX
Chester,IL
Houma,LA
Dumas,AR
Birmingham,AL
Antioch,CA
Belfast,ME
Blue Earth,MN
Watsonville,CA
Lemoore Station,CA
Winona,MS
Watseka,IL
Glenwood,MD
Dalton,OH
Four Corners,FL
Walters,OK
Nantucket,MA
Tuskegee,AL
Troy,NC
Batesville,IN
Forest City,IA
Shannondale,WV
Effingham,IL
Williamsburg,VA
Wasco,CA
Clarksburg,WV
Reedsport,OR
Medina,NY
Eagle Lake,TX
Roanoke,AL
Littlefield,TX
Cambridge,WI
Corona de Tucson,AZ
Fort Madison,IA
Fort Madison,IL
Coquille,OR
Beaufort,SC
Port Royal,SC
Port Clinton,OH
Arcadia,LA
Muskegon,MI
Central City,KY
Greenville,KY
Rhinebeck,NY
Blountstown,FL
Syracuse,IN
Bryan,OH
Alfred,NY
Holbrook,AZ
Beebe,AR
Junction,TX
Zimmerman,MN
Lake Jackson,TX
Angleton,TX
New Martinsville,WV
New Martinsville,OH
Vassar,MI
Hayti,MO
Tillamook,OR
Jonesboro,AR
East Prospect,PA
Jesup,GA
Barnstable Town,MA
Chillicothe,MO
Carbondale,IL
Worcester,MA
Worcester,CT
Tullahoma,TN
Abbotsford,WI
Corning,CA
Quarryville,PA
Daingerfield,TX
LaFayette,GA
Pulaski,VA
Andrews,SC
Lake City,MN
Walsenburg,CO
Windom,MN
Trenton,NJ
Philippi,WV
Pawnee,IL
Centralia,WA
Clarinda,IA
Santo Domingo Pueblo,NM
Valatie,NY
Washington,NC
Skowhegan,ME
Burkburnett,TX
Wytheville,VA
Canton,IL
Chelsea,MI
Nevada,IA
Lanai City,HI
Meridian,MS
Littleton,NH
Kuna,ID
Cameron,MO
Decatur,AL
Eastland,TX
Paulding,OH
Winnie,TX
Ellwood City,PA
Becker,MN
Lompoc,CA
Lolo,MT
Lonoke,AR
Nokomis,IL
Ashland,PA
Granbury,TX
Barron,WI
Ware,MA
West Jefferson,OH
Flint,MI
Thousand Oaks,CA
Seaside,OR
Ebensburg,PA
Cambria,CA
Clinton,OK
Fairbury,NE
Bastrop,TX
Haskell,TX
Freeport,IL
Parkersburg,WV
Parkersburg,OH
Plattsburgh,NY
Sanford,ME
Alva,OK
Fayette,MO
Caribou,ME
Gallup,NM
Greenville,OH
Refugio,TX
Redding,CA
Ahoskie,NC
Oakland City,IN
Brent,AL
San Juan,PR
Franklin,NH
Wrightsville,GA
Momence,IL
Heritage Lake,IN
Peaceful Valley,WA
Shady Side,MD
Deale,MD
Marshall,IL
Shelbyville,KY
Dayton,TX
Somerset,KY
Versailles,KY
Heavener,OK
Appleton,WI
Spokane,WA
Shenandoah,IA
Salem,MO
Priceville,AL
Arcata,CA
McKinleyville,CA
Houston,MS
Evansville,IN
Evansville,KY
Thomson,GA
Arecibo,PR
Henderson,NC
Monticello,IA
State College,PA
Portage,WI
Mattoon,IL
Buhl,ID
North Brookfield,MA
Lebanon,VA
Tell City,IN
Tell City,KY
Gunnison,UT
Sioux City,IA
Sioux City,NE
Sioux City,SD
Moodus,CT
Livermore Falls,ME
Sylvester,GA
Justin,TX
Mount Sterling,KY
Gooding,ID
Carson City,NV
Paris,TN
Ste. Genevieve,MO
Crawfordsville,IN
Seven Lakes,NC
Running Springs,CA
Eugene,OR
Spartanburg,SC
Welch,WV
Southold,NY
Idabel,OK
Sonora,TX
Fairbury,IL
Shawano,WI
Strasburg,VA
Omak,WA
Cairo,IL
Calais,ME
Corydon,IN
Madisonville,TN
Middlebury,IN
Collinsville,OK
Silt,CO
Huntington,IN
Oakland,TN
Ellsworth,ME
Oelwein,IA
Poinciana Southwest,FL
Sylvan Beach,NY
Pierre Part,LA
Ephraim,UT
Wausau,WI
Lufkin,TX
De Soto,MO
Tappahannock,VA
Lake Crystal,MN
Marksville,LA
Eden,NC
Braidwood,IL
Coal City,IL
Wilmington,IL
Fresno,CA
Forney,TX
Coeur d'Alene,ID
Winchester,IN
Alice,TX
Provo,UT
Orem,UT
Foley,AL
Safford,AZ
Snoqualmie,WA
Georgetown,KY
Lake Placid,NY
Aurora,MO
Sunrise Shores,TX
Rushville,IN
Whitewater,WI
Parowan,UT
Anchorage,AK
Washington,GA
Pittsfield,IL
Lake Conroe Westshore,TX
Blanchard,OK
Uvalde,TX
Monticello,AR
Bedford,VA
Russell,KS
Buffalo,WY
Garapan,MP
Dandan,MP
Vallejo,CA
Beckley,WV
Oxford,NC
Susquehanna Depot,PA
Osawatomie,KS
Barre,VT
Montpelier,VT
Owensboro,KY
Jasper,FL
The Dalles,OR
The Dalles,WA
Bridgeton,NJ
Jordan,MN
Chariton,IA
Arroyo Grande,CA
Grover Beach,CA
Valley City,ND
Moscow,ID
Williston,ND
Russells Point,OH
Watertown,WI
Wilmore,KY
Bartlett,TX
New Castle,CO
Grand Forks AFB,ND
Anna,TX
Vinton,LA
Otsego,MI
Plainwell,MI
Sanford,NC
Whitesboro,TX
Mangum,OK
Geneva,OH
Lindsay,CA
Union City,PA
Poteet,TX
Ogallala,NE
Berne,IN
St. Cloud,MN
Arkansas City,KS
New Bedford,MA
Oil City,PA
Kill Devil Hills,NC
Sweet Home,OR
Paris,IL
Petaluma,CA
Crewe,VA
Greenville,MI
Taylorsville,NC
Fort Stockton,TX
White Sulphur Springs,WV
Indianola,MS
Avra Valley,AZ
Manhattan,KS
Columbus,IN
Milwaukee,WI
Manchester,TN
Pauls Valley,OK
Houston,TX
Salem,IN
Rome,NY
Ottawa,OH
Cameron,TX
Cambridge City,IN
Fellsmere,FL
Alderson,WV
Hazleton,PA
Ozark,AR
Gypsum,CO
Yountville,CA
Kinston,NC
Moab,UT
Holly,MI
Downs,IL
Stanford,KY
St. Johns,MI
Whiteman AFB,MO
North Vernon,IN
Perryton,TX
Oskaloosa,IA
Scranton,PA
Detroit,MI
Danville,IL
Hermiston,OR
Barbourville,KY
Spearfish,SD
McGregor,TX
Sacramento,CA
Buena Vista,CO
Rugby,ND
Rio Vista,CA
Chester,NY
Albemarle,NC
Hudson,WI
Hudson,MN
Juneau,WI
Deming,NM
Black River Falls,WI
Le Mars,IA
Kiel,WI
New Holstein,WI
Elkins,WV
Cleveland,MS
Bartlesville,OK
Breckenridge,TX
Durand,MI
Chico,CA
Schulenburg,TX
Jena,LA
Newport,AR
West Frankfort,IL
Silverton,OR
Siler City,NC
Erie,PA
Scottsville,KY
Osage City,KS
New Tazewell,TN
Blythe,CA
Blythe,AZ
Kalispell,MT
Crete,NE
Sparta,WI
Walnut Ridge,AR
Pipestone,MN
Poteau,OK
Hobart,OK
Flora,IL
Midland,TX
Pacific,MO
Lebanon,KY
Heber Springs,AR
Defiance,OH
Chase City,VA
Mount Vernon,IA
Forest Lake,MN
Danville,KY
Royston,GA
Kapaau,HI
Colonial Beach,VA
Green Bay,WI
Marengo,IL
Marana West,AZ
Bridgeport,CT
Stamford,NY
Lindstrom,MN
Chisago City,MN
Woodruff,SC
Raymond,MS
Chestertown,MD
Biscoe,NC
Tifton,GA
High Springs,FL
Hutchinson,MN
Clinton,SC
Carlsbad,NM
Salina,KS
Fergus Falls,MN
Lafayette,CO
Louisville,CO
Erie,CO
Bunkie,LA
Lodi,CA
Oakridge,OR
Wichita,KS
Wiggins,MS
Kayenta,AZ
Warden,WA
Denmark,SC
Tucson,AZ
Moorhead,MS
Cleveland,TN
Sylacauga,AL
Arcade,NY
Coalinga,CA
Woodburn,OR
Henderson,TX
Galion,OH
Cheney,WA
California,MO
Jennings,LA
Kodiak,AK
El Reno,OK
Houghton Lake,MI
Neosho,MO
Greencastle,IN
Fort Plain,NY
New Cordell,OK
Lincoln City,OR
Brookings,SD
Evergreen,AL
Pulaski,TN
Millersburg,OH
Ponce,PR
Park Rapids,MN
Harrah,OK
Ashland City,TN
McAlester,OK
Springville,NY
Windsor,NC
Madras,OR
Louisville,GA
Chardon,OH
Cedartown,GA
Brookshire,TX
Placerville,CA
Diamond Springs,CA
Winslow,AZ
Leesville,LA
Greenville,IL
Brownfield,TX
Harlan,KY
Kilauea,HI
Hot Springs Village,AR
Fond du Lac,WI
Carey,OH
King City,CA
Ocala,FL
Roosevelt,UT
Roswell,NM
Lake Pocotopaug,CT
East Hampton,CT
Johnstown,CO
Brewton,AL
Woodstock,IL
Oak Island,NC
Montgomery,AL
Madisonville,KY
Los Alamos,NM
Bowling Green,OH
Llano,TX
Rome,GA
Belle Glade,FL
Estrella,AZ
Norris,TN
Beulah,ND
Alamosa,CO
Vienna,GA
Brunswick,ME
Hazlehurst,GA
Lake Placid,FL
Glenville,WV
Portland,IN
Fort Bragg,CA
Covington,IN
Big Rapids,MI
Williamsburg,IA
Benton,IL
Delphos,OH
Tuttle,OK
Tunica,MS
Waseca,MN
Newport,WA
Newport,ID
San Germán,PR
Cabo Rojo,PR
Sabana Grande,PR
Delavan,WI
Port Lavaca,TX
Watertown,MN
Lewiston,ID
Lewiston,WA
Thomasville,AL
Lowell,MI
Marysville,OH
Barnesville,OH
Grottoes,VA
Kingston,NY
Brush,CO
Milton,PA
Lewisburg,PA
Grafton,ND
Morehead City,NC
Holtville,CA
Show Low,AZ
Pueblo,CO
Pottstown,PA
Richmond,MI
Kenton,OH
Belding,MI
Ocala Estates,FL
Rapid City,SD
Rochester,NY
Orangetree,FL
Buras,LA
Trinidad,CO
Patterson,CA
Hominy,OK
Graceville,FL
Mount Vernon,IL
Davis Junction,IL
Stewartstown,PA
Mobile,AL
South Lyon,MI
Howell,MI
Beloit,WI
Beloit,IL
Sturgeon Bay,WI
New Bremen,OH
Minster,OH
Williamston,NC
Tulia,TX
Ripon,WI
New Orleans,LA
Winterset,IA
Kaplan,LA
Chatfield,MN
Snowflake,AZ
Valdosta,GA
Tipton,IN
Bealeton,VA
Murray,KY
Prairie du Sac,WI
Sauk City,WI
Yazoo City,MS
Stayton,OR
New Ulm,MN
Ashville,OH
Ladysmith,WI
Scottsburg,IN
Florence,AZ
Visalia,CA
Charlestown,RI
Cortland,NY
Coeburn,VA
Mayville,WI
Firestone,CO
Frederick,CO
Edgewood,NM
St. Anthony,ID
La Conner,WA
Deer Park,WA
Pontotoc,MS
Lancaster,PA
Port Barre,LA
Carlton,OR
Bonneauville,PA
Scott City,MO
Sneads Ferry,NC
Del Rio,TX
Hillsboro,MO
Homosassa Springs,FL
Beverly Hills,FL
Citrus Springs,FL
McGehee,AR
Aledo,TX
Paintsville,KY
Yreka,CA
De Queen,AR
Rio Dell,CA
Shippensburg,PA
Sabina,OH
Lancaster,SC
Waynesboro,PA
Waynesboro,MD
Moberly,MO
Edna,TX
Rensselaer,IN
Camilla,GA
Belvidere,NJ
Belvidere,PA
Kingsport,TN
Kingsport,VA
Nelsonville,OH
Orangeburg,SC
Milton,DE
Silsbee,TX
Daphne,AL
Fairhope,AL
Los Lunas,NM
Brattleboro,VT
Brattleboro,NH
Fairfield,TX
Kapaa,HI
Corpus Christi,TX
Olean,NY
Caledonia,MN
Los Molinos,CA
Poplar Bluff,MO
Lake Arrowhead,CA
Crestline,CA
Myrtle Beach,SC
Socastee,NC
New Madrid,MO
Emerald Bay,TX
Chesapeake Beach,MD
Dothan,AL
Marseilles,IL
Spring Hill,FL
Georgetown,DE
Anchorage Northeast,AK
Littlestown,PA
Vinton,IA
Ardmore,OK
Laurel,MS
Fernandina Beach,FL
Waverly,TN
Cortez,CO
Hays,KS
Palm Coast,FL
Daytona Beach,FL
Port Orange,FL
Archbold,OH
Morehead,KY
Batesville,MS
Comanche,TX
Big Bear City,CA
Lake Los Angeles,CA
Jerome,ID
Mount Hood Village,OR
Hoopeston,IL
Stuarts Draft,VA
Nashville,AR
Bay City,MI
Coldwater,MI
Castle Dale,UT
Tahoka,TX
Grandview,WA
Seminole,TX
Ellsworth,KS
Greentown,IN
Hayward,WI
Pojoaque,NM
West Lafayette,OH
Dover,NH
Rochester,ME
Shelbyville,IN
Fowlerville,MI
Mountain Lake Park,MD
Osceola,AR
St. Marys,KS
Ogden,UT
Layton,UT
Donaldsonville,LA
Hickory,NC
Twin Lakes,VA
El Dorado Springs,MO
Kermit,TX
Kekaha,HI
Whitehall,MI
Ingleside,TX
Aransas Pass,TX
Genoa,IL
Fulton,MS
Hardin,MT
Bluffton,OH
Quincy,WA
Syracuse,NY
Hanceville,AL
Grifton,NC
Delano,CA
Lake Geneva,WI
Marshall,WI
Kennebunk,ME
Charlottesville,VA
Marianna,FL
Bellingham,WA
Covington,VA
Walla Walla,WA
Walla Walla,OR
Napa,CA
Cleveland,OH
Espanola,NM
Hazel Green,AL
Tupper Lake,NY
Milledgeville,GA
Lake Bryant,FL
Eufaula,AL
Eufaula,GA
Story City,IA
Ketchum,ID
Shiprock,NM
Yakima,WA
Centralia,IL
Patton,PA
Mount Orab,OH
Cherokee,IA
Wahpeton,ND
Wahpeton,MN
Roseau,MN
Carrollton,KY
Carbondale,CO
Graham,TX
Spring Hill,TN
North Eagle Butte,SD
Mukwonago,WI
Scottsbluff,NE
Bishop,TX
Elroy,TX
Poughkeepsie,NY
Newburgh,NJ
Carthage,TX
Park City,UT
Lowville,NY
Monroe,WI
Thurmont,MD
Heyworth,IL
Benton Harbor,MI
St. Joseph,MI
Fair Plain,MI
Mount Vernon,KY
Castroville,TX
Blackshear,GA
Point Pleasant,OH
Gallipolis,WV
Harrison,MI
Bowie,TX
Glasgow,KY
Denton Southwest,TX
Crossville,TN
Brady,TX
Maricao,PR
Arvin,CA
Waterford,CA
Canton,NY
Jackson,MN
Norton,KS
Richgrove,CA
Crystal River,FL
Aberdeen,SD
Rupert,ID
Bolivar,OH
Santa Rosa Beach,FL
Mount Angel,OR
Woodland,WA
Key Largo,FL
Waimea (Hawaii County),HI
Clifton Springs,NY
Jean Lafitte,LA
McLeansboro,IL
Masontown,PA
Ruleville,MS
Lawrenceville,VA
Bamberg,SC
Douglas,MI
Roanoke Rapids,NC
Hebbronville,TX
Cut Bank,MT
Montgomery,MN
Hesston,KS
Carrollton,GA
Las Vegas,NM
Perry,NY
Shelby,MT
Bethany,MO
Prairie Grove,AR
Beaver Dam,KY
Ridgeland,SC
Houtzdale,PA
Gainesville,GA
Ossian,IN
Le Roy,IL
Sedona,AZ
Cambridge,OH
Prairie du Chien,WI
Prairie du Chien,IA
Belfair,WA
Auburn,AL
Kewanee,IL
Paducah,KY
Paducah,IL
Stephenville,TX
Monte Vista,CO
Quitman,TX
Fayette,AL
Atlanta,TX
Willcox,AZ
Hood River,OR
Hood River,WA
Rockford,MN
Horicon,WI
Camano,WA
Tipton,MO
Wewoka,OK
Waverly City,OH
Hallsville,TX
Grand Rapids,MN
Dublin,GA
Holton,KS
Abilene,KS
Charlestown,IN
Salem,OH
Polson,MT
Clay Center,KS
Ripley,TN
Lakeport,CA
Avalon,CA
Parker,AZ
Parker,CA
Lake Wildwood,CA
Lamar,MO
Plain City,OH
Sabetha,KS
Bangor,ME
Casey,IL
Montgomery City,MO
Aubrey,TX
Palmyra,NY
Newfane,NY
Auburn,NE
Shelbyville,IL
Hamilton,TX
Paris,AR
Edinboro,PA
Chittenango,NY
Marion,NC
Lindale,TX
Hideaway,TX
Vinita,OK
Mont Belvieu,TX
Charlotte,NC
Charlotte,SC
Farmersville,TX
Cottage Grove,OR
DeQuincy,LA
Gilroy,CA
Morgan Hill,CA
Rocky Ford,CO
Eunice,LA
Newton,IL
Somerset,PA
Lake Conroe Eastshore,TX
White Rock,NM
Union,SC
St. Joseph,IL
Wilton,IA
Blair,NE
Bismarck,ND
Kalamazoo,MI
Carthage,MS
Trinity,TX
Whiteville,NC
Nome,AK
Dunn,NC
New London,WI
Morgan,UT
Juneau,AK
Clifton,TX
Plymouth,WI
Dalhart,TX
Grayson,KY
Stillwater,OK
Maysville,KY
Maysville,OH
Independence,IA
Fairmount,IN
Olympia,WA
Lacey,WA
Kittanning,PA
Ford City,PA
Princess Anne,MD
Pahokee,FL
Dillon,MT
Moundville,AL
St. Marys,PA
Purcell,OK
Wheatland,CA
Ruston,LA
Lake Park,GA
Washington,MO
Jupiter Farms,FL
Winters,TX
Warren,PA
Thomasville,GA
Vergennes,VT
Yucca Valley,CA
Bloomfield,IN
Burlington,WI
Madison,WV
Mocksville,NC
Madison,FL
Escanaba,MI
Plymouth,IN
Algona,IA
Johnston City,IL
Wedgefield,FL
Albertville,AL
Simi Valley,CA
Walworth,WI
Rio Grande City,TX
Roma,TX
Eielson AFB,AK
Unadilla,GA
Farmington,NM
Attica,IN
Attica,NY
Blackstone,VA
World Golf Village,FL
Lock Haven,PA
Borger,TX
Emajagua,PR
Trenton,TN
De Soto,KS
Bells,TN
Robinson,IL
Portage,PA
Marianna,AR
Lee,MA
Pittsfield,ME
Kelseyville,CA
Potsdam,NY
Fort Branch,IN
East Prairie,MO
Kenai,AK
Gaffney,SC
Truth or Consequences,NM
Sonoma,CA
Macomb,IL
Decatur,IN
Livingston,TN
Wendell,ID
Trenton,IL
Emmetsburg,IA
Rogersville,MO
Orlando,FL
Creston,IA
Rose Hill,KS
Batavia,NY
Jaffrey,NH
Mineola,TX
South Lake Tahoe,CA
South Lake Tahoe,NV
De Funiak Springs,FL
Sparta,GA
Ogdensburg,NY
Dansville,NY
Denver City,TX
Murphysboro,IL
Hudson,NY
Denton,MD
Missoula,MT
Caldwell,OH
Coxsackie,NY
Gun Barrel City,TX
Ocean Shores,WA
Sebring,FL
Avon Park,FL
Little Falls,MN
Victorville,CA
Hesperia,CA
Torrington,WY
Great Falls,MT
Brunswick,GA
Kissimmee,FL
Camden,SC
Winston-Salem,NC
St. Joseph,MO
St. Joseph,KS
Smithville North,MO
South Vacherie,LA
Kemmerer,WY
Yoakum,TX
Fort Lupton,CO
Federalsburg,MD
Ironton,MO
Ukiah,CA
Baldwin City,KS
Senatobia,MS
Urban Honolulu,HI
Hastings,MI
La Follette,TN
Cazenovia,NY
Lahaina,HI
Amarillo,TX
Portland,OR
Portland,WA
Wilmington,NC
Magnolia,AR
Columbus,MS
Altoona,PA
Beaumont,TX
Henryetta,OK
Devils Lake,ND
La Crosse,WI
La Crosse,MN
Rio Rico Northeast,AZ
Cleveland,GA
Sweetwater,TX
Delta,OH
Somerset,WI
Greensboro,NC
Frankfort,KY
Hereford,TX
Stanton,KY
Cedarville,OH
Spout Springs,NC
Albion,MI
Belton,SC
Lake Murray North Shore,SC
Lincoln,NE
Browns Mills,NJ
Fort Dix,NJ
Granite Falls,WA
Canyon,TX
Wamego,KS
Geneseo,IL
Carlinville,IL
Skiatook,OK
Hinton,WV
Mountain Home,AR
Cleburne,TX
Sugarmill Woods,FL
Norman,OK
Ocilla,GA
Washington Court House,OH
Colorado City,AZ
Colorado City,UT
Deer Lodge,MT
Many,LA
Mexico,MO
Poplar,MT
Springfield,MA
Springfield,CT
Tunkhannock,PA
Seattle,WA
Cumberland,KY
Cadiz,OH
Walkerton,IN
Dowagiac,MI
Medina,TN
Superior,AZ
Fernley,NV
Hobbs,NM
Dyer,TN
Waterville,ME
Romancoke,MD
East Liverpool,OH
East Liverpool,WV
East Liverpool,PA
Lubbock,TX
Toledo,OH
Toledo,MI
Manchester,IA
Grayling,MI
Logan,WV
Kinross,MI
Manistee,MI
Anderson,IN
Montezuma,GA
Cambridge Springs,PA
Wadesboro,NC
Minot AFB,ND
Mystic Island,NJ
Bay Minette,AL
Rainbow Lakes Estates,FL
Macon,MO
Lake Holiday,IL
Murrieta,CA
Temecula,CA
Menifee,CA
Hilton Head Island,SC
Corning,NY
Wrightwood,CA
Youngsville,PA
Brackettville,TX
Slaton,TX
Savanna,IL
Savanna,IA
Kosciusko,MS
Manti,UT
Camdenton,MO
West,TX
Bradford,PA
Bradford,NY
Piedmont,AL
Pecos,TX
Sidney,MT
Box Elder,SD
Sedalia,MO
Premont,TX
Krum,TX
Aguadilla,PR
Isabela,PR
San Sebastián,PR
St. Albans,VT
Detroit Lakes,MN
Pendleton,OR
Columbia,TN
Diboll,TX
Henderson,TN
Sterling,CO
Centerville,IA
Ozona,TX
Fair Haven,VT
Fulton,MO
Columbus,KS
Louisville/Jefferson County,KY
Louisville/Jefferson County,IN
Boyne City,MI
Filer,ID
Williams,CA
Jacksonville,TX
Pittsburg,TX
Valley,AL
Lanett,GA
Franklin,VA
Sidney,NY
Poolesville,MD
Conrad,MT
Loogootee,IN
Manchester,NH
Monahans,TX
Big Stone Gap,VA
Burlington,VT
Long Neck,DE
Winnfield,LA
Florence,AL
Ada,OK
Olney,IL
Hillsborough,NH
Vieques (Vieques Municipio),PR
Moultrie,GA
Lihue,HI
Faribault,MN
Texas City,TX
Crooked Lake Park,FL
Sanger,TX
Marinette,WI
Menominee,MI
Middlesborough,KY
Middlesborough,TN
Middlesborough,VA
Fort Irwin,CA
Alexander City,AL
Mount Pleasant,TN
Orwigsburg,PA
Fairfield,IA
Sherman,TX
Pana,IL
Yadkinville,NC
Kansas City,MO
Kansas City,KS
Carmi,IL
Caruthersville,MO
Anniston,AL
Oxford,AL
Rockport,TX
Findlay,OH
Seymour,IN
Live Oak,FL
Tabor City,NC
Tabor City,SC
Geneva,AL
Terra Bella,CA
Bayfield,CO
Captain Cook,HI
Missouri Valley,IA
Waco,TX
Rock Hill,SC
Luling,TX
Palestine,TX
New Carlisle,IN
Longview,TX
Guayama,PR
Manor,TX
Denison,IA
Marion,OH
Millsboro,PA
Ocean Pines,MD
Ocean Pines,DE
Punxsutawney,PA
El Dorado,AR
Mountain Home AFB,ID
Taft,TX
Canby,OR
Leominster,MA
Fitchburg,MA
Homesteads Addition,TX
Russellville,KY
Pine Ridge,SD
Morro Bay,CA
Los Osos,CA
Norton,VA
Wise,VA
Battlement Mesa,CO
Buckhead (Bryan County),GA
Indiantown,FL
Rogers City,MI
Hammond,LA
Morrilton,AR
Ithaca,NY
Ashland,NE
Iowa Falls,IA
Morgan City,LA
Kalama,WA
Fayetteville,AR
Springdale,AR
Rogers,AR
Harrison,AR
Sayre,OK
Perry,OK
Eureka,KS
Apalachicola,FL
Monterey,TN
Wills Point,TX
Shelby,NC
Clearlake,CA
Swansboro,NC
Crossett,AR
Malden,MO
Holden Beach,NC
Stewartville,MN
Winfield,KS
Emporium,PA
Allendale,SC
Port Jervis,NY
Port Jervis,PA
Peru,IL
LaSalle,IL
Liberty,TX
Waynesburg,PA
Zumbrota,MN
Sissonville,WV
Richmond,VA
Oneonta,AL
North Branch,MN
Springhill,LA
Roanoke,VA
Jones Creek,TX
Dallas,OR
Crescent City,CA
Bristol,TN
Bristol,VA
Lodi,OH
Perham,MN
Millersburg,PA
Fairfield Harbour,NC
Homer,LA
Westville,IN
Montgomery,PA
Goodrich,MI
Omro,WI
Ione,CA
Luverne,MN
Plainview,TX
Albany,NY
Schenectady,NY
Keokuk,IA
Keokuk,IL
Milford,DE
Epping,NH
Waterbury,VT
Mount Vernon,MO
Sparta,TN
Greenfield,CA
Nebraska City,NE
Durant,OK
Penn Yan,NY
Grand Junction,CO
Lawrenceburg,IN
Greendale,IN
Aurora,IN
Tazewell,VA
Grinnell,IA
Lockhart,TX
Mitchell,SD
Kanab,UT
Akron,OH
Manchester,KY
Raymondville,TX
Manteo,NC
Edenton,NC
Mount Pleasant,UT
Madison,WI
Edgerton,WI
Warwick,NY
Laurium,MI
Ramona,CA
Berrien Springs,MI
Zephyrhills,FL
Warrensburg,NY
Rolla,MO
Monmouth,OR
Independence,OR
Ramseur,NC
Clinton,IA
Clinton,IL
Nicholasville,KY
Panama City Northeast,FL
Sturgis,SD
Soldotna,AK
Cloquet,MN
Richfield,UT
Guymon,OK
Salt Lake City,UT
West Valley City,UT
Delano,MN
North Port,FL
Port Charlotte,FL
Key West,FL
Branson,MO
Cisco,TX
Ava,MO
Osburn,ID
Stockton,CA
Caro,MI
Chattahoochee,FL
Stansbury Park,UT
Gillette,WY
McAllen,TX
Bellevue,IA
Waterloo,IA
Waverly,NE
Woodville,TX
Avon,NY
Tonganoxie,KS
Homedale,ID
Millen,GA
Albia,IA
Mount Gilead,OH
North Platte,NE
Crescent City,FL
Fairmont,MN
Windsor,VT
Windsor,NH
Newport,VT
Maybrook,NY
Chester,SC
Potosi,MO
Mountain City,TN
Elko,NV
Sweeny,TX
South Pittsburg,TN
South Pittsburg,AL
Omaha,NE
Omaha,IA
Leland,MS
Jeanerette,LA
Turlock,CA
Delphi,IN
Columbus,NE
Sullivan,MO
Oceana,WV
Roxboro,NC
Butte-Silver Bow,MT
Dermott,AR
Knox,IN
Huntington,WV
Huntington,KY
Huntington,OH
Dawson,GA
West Point,MS
Clarion,PA
Hemet,CA
Gibson City,IL
Huntingburg,IN
Breese,IL
Yerington,NV
New Prague,MN
Wagoner,OK
Mamou,LA
Saranac Lake,NY
Laie,HI
Hauula,HI
Oconto Falls,WI
Las Animas,CO
Burns,OR
North Wilkesboro,NC
Wilkesboro,NC
Farmington,MO
Desert Hot Springs,CA
Gothenburg,NE
Brillion,WI
Breckenridge,CO
Clarksville,TX
Glendive,MT
Granite Shoals,TX
Vail,AZ
Prescott,AR
Tulsa,OK
Baldwin,WI
Fairbanks,AK
Otisville,NY
South Fallsburg,NY
Nashville,IL
Hanford,CA
Hamburg,AR
Fordyce,AR
St. Augustine,FL
Fitzgerald,GA
Mission Viejo,CA
Lake Forest,CA
San Clemente,CA
Edgefield,SC
Mount Olive,NC
Tyrone,PA
Rockland,ME
Pratt,KS
Centre,AL
Athol,MA
Ionia,MI
Frostproof,FL
Porterville,CA
Adel,GA
Crisfield,MD
Mobridge,SD
Cordele,GA
Crittenden,KY
Du Quoin,IL
Taos,NM
Union,MO
Bonham,TX
Kerrville,TX
Northfield,VT
Jasper,AL
Chesnee,SC
Wapato,WA
San Luis,AZ
Johnson City,TN
Wurtsboro,NY
West Wendover,NV
West Wendover,UT
Sheridan,AR
Needville,TX
Lexington,TN
Astoria,OR
Topeka,KS
Celina,OH
Byron,IL
Hastings,NE
Marlow,OK
Artesia,NM
Galesburg,IL
Ely,NV
Waldport,OR
Prineville,OR
Marshalltown,IA
Calistoga,CA
Lincoln,ND
Castle Rock,WA
Durant,MS
Millstadt,IL
Sheboygan,WI
Fairfield,CA
Forest City,NC
Buffalo,MO
Oroville,CA
Yuma,AZ
Yuma,CA
Mount Morris,NY
Friona,TX
Glens Falls,NY
Greeneville,TN
Saw Creek,PA
High Point,NC
Gold Beach,OR
Jackson,CA
Escalon,CA
Thomaston,GA
Churchville,NY
Centreville,MD
Merced,CA
Emmitsburg,MD
Emmitsburg,PA
Jacksonville,FL
Air Force Academy,CO
Bay City,TX
Merrill,WI
Shamokin,PA
Mount Carmel,PA
North East,PA
Hohenwald,TN
Winner,SD
Ligonier,IN
Dundee,MI
Aztec,NM
Coffeyville,KS
Coffeyville,OK
Delta,CO
Flagstaff,AZ
Benton City,WA
Ridge Manor,FL
Arcadia,WI
Jacksonville,NC
Edwards,CO
Jackson,KY
Monticello,IN
Lafayette,LA
Van,TX
Ruckersville,VA
Taneytown,MD
Yulee,FL
New Freedom,PA
Shrewsbury,MD
Helena-West Helena,AR
Gillespie,IL
Mount Pleasant,TX
Worthington,MN
Enterprise,AL
Waconia,MN
Opp,AL
Peotone,IL
Twentynine Palms Base,CA
Sault Ste. Marie,MI
Florence,OR
Sutherlin,OR
Grove City,PA
Pleasant View,TN
Marion,IN
Richland Center,WI
Monroeville,AL
Ellenville,NY
Paw Paw,MI
Boise City,ID
North Manchester,IN
Plymouth,NC
Gun Lake,MI
Highland,IL
Mount Vernon,OH
Cozad,NE
Medford,WI
Bushnell,FL
Pullman,WA
San Diego,CA
Snyder,TX
Glenwood,IA
Martinsburg,PA
Woodstock,VA
Chaparral,NM
Jerseyville,IL
Wapakoneta,OH
Annandale,MN
Athens,TN
Keyser,WV
Keyser,MD
Aberdeen,WA
Watonga,OK
Commerce,TX
Hawthorne,NV
Monroe,GA
Cadillac,MI
Pocahontas,AR
Washoe Valley,NV
Fort Smith,AR
Fort Smith,OK
Sodus,NY
Odessa,MO
Rice Lake,WI
Sultan,WA
Washington,NJ
Garden City,KS
Racine,WI
Walton,NY
Owosso,MI
Marks,MS
Chicago,IL
Chicago,IN
Preston,ID
Cadiz,KY
Williston,FL
Dubuque,IA
Dubuque,IL
Burley,ID
Amouli,AS
Twin Falls,ID
Two Harbors,MN
Newark,OH
Mount Pleasant,MI
Buies Creek,NC
Wharton,TX
Forrest City,AR
Chadron,NE
Electra,TX
Palmyra,MO
Yuba City,CA
Wickenburg,AZ
Lawrenceville,IL
Floydada,TX
Dumas,TX
Pelham,GA
Greenville,NC
Mattawa,WA
Newton,IA
Clover,SC
Laconia,NH
Camano North,WA
Sibley,IA
Pawleys Island,SC
Middlebury,VT
Leesburg,GA
Yorkville,GA
Havana,IL
Ville Platte,LA
Cullman,AL
Fort Polk,LA
Yuma,CO
Zapata,TX
Medina,TX
Pine Island,MN
Burney,CA
Gainesville,TX
St. Marys,WV
St. Marys,OH
Immokalee,FL
Arizona City,AZ
Winchester,KY
Albion,NY
Gramercy,LA
Lutcher,LA
East Stroudsburg,PA
East Stroudsburg,NJ
Franklin,NC
Ephrata,WA
Mazomanie,WI
Cedar Springs,MI
Bar Harbor,ME
Lake City,SC
Highland Oaks,TX
Golden Gate Estates,FL
Chillicothe,OH
Corry,PA
Brownstown,IN
Jackson,WY
Miami,OK
Bluffton,IN
Hastings,MN
Lykens,PA
Forest,MS
Wisconsin Rapids,WI
Bowling Green,KY
Buena Vista,VA
Clarksville,TN
Clarksville,KY
Boiling Spring Lakes,NC
Asheville,NC
Culpeper,VA
Abbeville,LA
Raymond,WA
Big Spring,TX
Marshfield,WI
Athens,AL
Gaylord,MI
Monticello,GA
El Paso,IL
Sandusky,MI
West Tawakoni,TX
Vado,NM
St. Marys,GA
Kingsland,GA
Grenada,MS
Houghton,MI
Lake Rancho Viejo,CA
Clewiston,FL
Brainerd,MN
Piggott,AR
Woodlake,CA
Havre,MT
Pinehurst,NC
Southern Pines,NC
Bluefield,WV
Bluefield,VA
Buckeye,AZ
DeWitt,AR
White Hall,IL
Dayton,TN
Bridgeport,TX
Utica,NY
Enfield,NC
Jamestown,NY
Ballinger,TX
El Paso de Robles (Paso Robles),CA
Atascadero,CA
Welsh,LA
College Station,TX
Bryan,TX
Riverdale,CA
Nampa,ID
Kirtland,NM
Douglas,WY
Baxley,GA
Farmville,VA
Nipomo,CA
Cullowhee,NC
Plumas Lake,CA
Holiday Shores,IL
International Falls,MN
Starkville,MS
San Luis Obispo,CA
La Center,WA
Anadarko,OK
Atchison,KS
Atchison,MO
Tipton,CA
Dededo,GU
Machanao,GU
Apotgan,GU
Osceola,IA
Kennett,MO
Mauston,WI
Madison,GA
Menomonie,WI
Sanger,CA
Bainbridge,GA
Elk City,OK
Waldron,AR
Knightstown,IN
Victoria,TX
Nacogdoches,TX
Oklahoma City,OK
Pine City,MN
Soperton,GA
El Paso,TX
El Paso,NM
Nassau Village-Ratliff,FL
Clinton,NC
Erwin,TN
Robertsdale,AL
Calipatria,CA
Salinas,CA
Marysville,KS
Staples,MN
Canton,SD
Pensacola,FL
Pensacola,AL
Clanton,AL
Newark,NY
Hot Springs,AR
Kennewick,WA
Pasco,WA
St. Louis,MO
St. Louis,IL
