"Rocky Mount, NC"
"Philadelphia, PA"
"Odessa, TX"
"Des Moines, IA"
"Madera, CA"
"Tyler, TX"
"Cape Girardeau, MO"
"Wichita Falls, TX"
"Prescott, AZ"
"Williamsport, PA"
"Peoria, IL"
"Elyria, OH"
"Lawton, OK"
"Cumberland, MD"
"Warner Robins, GA"
"Dover, DE"
"Laredo, TX"
"Arlington, TX"
"Charleston, SC"
"North Charleston, SC"
"Hanover, PA"
"Panama City, FL"
"San Francisco, CA"
"Jackson, MS"
"Pine Bluff, AR"
"Eau Claire, WI"
"Binghamton, NY"
"Santa Rosa, CA"
"Colorado Springs, CO"
"Conway, AR"
"Corvallis, OR"
"Medford, OR"
"Temple, TX"
"Abilene, TX"
"Cincinnati, OH"
"Mauldin, SC"
"Lake Charles, LA"
"Grants Pass, OR"
"Chattanooga, TN"
"Johnstown, PA"
"Lebanon, PA"
"Monroe, MI"
"Lexington Park, MD"
"Midland, MI"
"Las Cruces, NM"
"Hattiesburg, MS"
"Hammonton, NJ"
"Bradenton, FL"
"Mankato, MN"
"Lynchburg, VA"
"Dayton, OH"
"Lansing, MI"
"New Bern, NC"
"Modesto, CA"
"Mansfield, OH"
"Boulder, CO"
"Waynesboro, VA"
"Huntsville, AL"
"Morristown, TN"
"Bakersfield, CA"
"Bloomington, IL"
"Burlington, NC"
"Saginaw, MI"
"Jefferson City, MO"
"Pittsburgh, PA"
"Anacortes, WA"
"Santa Fe, NM"
"Springfield, OH"
"Anaheim, CA"
"Idaho Falls, ID"
"Fort Collins, CO"
"Portsmouth, NH"
"Grand Island, NE"
"Texarkana, TX"
"Berwick, PA"
"Billings, MT"
"Elmira, NY"
"Rockford, IL"
"Titusville, FL"
"Tallahassee, FL"
"Morgantown, WV"
"Hartford, CT"
"Ames, IA"
"Reading, PA"
"Harrisonburg, VA"
"Waterbury, CT"
"Lafayette, IN"
"Salem, OR"
"Florence, SC"
"Cedar Rapids, IA"
"Memphis, TN"
"Columbia, SC"
"Albany, GA"
"Monroe, LA"
"Iowa City, IA"
"Reno, NV"
"Joplin, MO"
"Lawrence, KS"
"Tuscaloosa, AL"
"Alexandria, LA"
"Charleston, WV"
"Sioux Falls, SD"
"Jackson, TN"
"Fayetteville, NC"
"Fargo, ND"
"Casper, WY"
"Lima, OH"
"Wenatchee, WA"
"Gainesville, FL"
"Pascagoula, MS"
"Columbus, OH"
"Albany, OR"
"Kankakee, IL"
"Baton Rouge, LA"
"Redmond, OR"
"Port Arthur, TX"
"Grand Forks, ND"
"The Villages, FL"
"Duluth, MN"
"Jackson, MI"
"Hinesville, GA"
"El Centro, CA"
"Port St. Lucie, FL"
"Ann Arbor, MI"
"Muncie, IN"
"Kokomo, IN"
"Nashua, NH"
"Nashua, MA"
"Winter Haven, FL"
"Goldsboro, NC"
"Springfield, IL"
"New Haven, CT"
"Macon, GA"
"Knoxville, TN"
"Wheeling, WV"
"Raleigh, NC"
"Gadsden, AL"
"Battle Creek, MI"
"Greeley, CO"
"Kingman, AZ"
"Columbia, MO"
"Santa Barbara, CA"
"Winchester, VA"
"Corcoran, CA"
"Springfield, MO"
"Pocatello, ID"
"Pittsfield, MA"
"Danbury, CT"
"Douglas, AZ"
"Decatur, IL"
"Longview, WA"
"San Angelo, TX"
"Fort Wayne, IN"
"Columbus, GA"
"Logan, UT"
"Albuquerque, NM"
"Terre Haute, IN"
"Rochester, MN"
"Gastonia, NC"
"Portland, ME"
"Sumter, SC"
"Salisbury, MD"
"Dalton, GA"
"Cheyenne, WY"
"Harlingen, TX"
"St. George, UT"
"Bloomington, IN"
"Savannah, GA"
"Watsonville, CA"
"Beaufort, SC"
"Muskegon, MI"
"Jonesboro, AR"
"Barnstable Town, MA"
"Worcester, MA"
"Trenton, NJ"
"Decatur, AL"
"Flint, MI"
"Redding, CA"
"Appleton, WI"
"Evansville, IN"
"Arecibo, PR"
"State College, PA"
"Sioux City, IA"
"Carson City, NV"
"Eugene, OR"
"Spartanburg, SC"
"Wausau, WI"
"Fresno, CA"
"Coeur d'Alene, ID"
"Orem, UT"
"Foley, AL"
"Anchorage, AK"
"Beckley, WV"
"Owensboro, KY"
"Bridgeton, NJ"
"Arroyo Grande, CA"
"St. Cloud, MN"
"New Bedford, MA"
"Manhattan, KS"
"Columbus, IN"
"Rome, NY"
"Hazleton, PA"
"Danville, IL"
"Chico, CA"
"Erie, PA"
"Midland, TX"
"Green Bay, WI"
"Lodi, CA"
"Wichita, KS"
"Tucson, AZ"
"Cleveland, TN"
"Ponce, PR"
"Fond du Lac, WI"
"Ocala, FL"
"Montgomery, AL"
"Rome, GA"
"Lewiston, ID"
"Kingston, NY"
"Pueblo, CO"
"Rapid City, SD"
"Rochester, NY"
"Mobile, AL"
"Beloit, WI"
"Valdosta, GA"
"Lancaster, PA"
"Homosassa Springs, FL"
"Waynesboro, PA"
"Corpus Christi, TX"
"Myrtle Beach, SC"
"Dothan, AL"
"Bay City, MI"
"Syracuse, NY"
"Charlottesville, VA"
"Bellingham, WA"
"Walla Walla, WA"
"Napa, CA"
"Yakima, WA"
"Benton Harbor, MI"
"Gainesville, GA"
"Bangor, ME"
"Bismarck, ND"
"Farmington, NM"
"Missoula, MT"
"Sebring, FL"
"Great Falls, MT"
"Brunswick, GA"
"St. Joseph, MO"
"Urban Honolulu, HI"
"Lahaina, HI"
"Amarillo, TX"
"Wilmington, NC"
"Altoona, PA"
"Lincoln, NE"
"Springfield, MA"
"Lubbock, TX"
"Toledo, OH"
"Anderson, IN"
"Isabela, PR"
"Louisville/Jefferson County, KY"
"Manchester, NH"
"Burlington, VT"
"Kansas City, MO"
"Kansas City, KS"
"Waco, TX"
"Longview, TX"
"Guayama, PR"
"Hammond, LA"
"Ithaca, NY"
"Rogers, AR"
"Richmond, VA"
"Roanoke, VA"
"Bristol, TN"
"Grand Junction, CO"
"Akron, OH"
"Madison, WI"
"Salt Lake City, UT"
"Tulsa, OK"
"Fairbanks, AK"
"Porterville, CA"
"Johnson City, TN"
"Topeka, KS"
"Sheboygan, WI"
"Fairfield, CA"
"Yuma, AZ"
"Glens Falls, NY"
"High Point, NC"
"Merced, CA"
"Jacksonville, FL"
"Flagstaff, AZ"
"Jacksonville, NC"
"Lafayette, LA"
"Boise City, ID"
"Fort Smith, AR"
"Racine, WI"
"Dubuque, IA"
"Yuba City, CA"
"Greenville, NC"
"East Stroudsburg, PA"
"Bowling Green, KY"
"Clarksville, TN"
"Asheville, NC"
"Bryan, TX"
"Victoria, TX"
"Oklahoma City, OK"
"El Paso, TX"
"Salinas, CA"
"Hot Springs, AR"
"St. Louis, MO"
